{"timestamps": [1553233505.303052, 1553233516.35875, 1553233531.35918, 1553233549.982728, 1553233578.197781, 1553233604.785769], "initial_reset_timestamp": 1553233501.293502, "episode_types": ["t", "t", "t", "t", "t", "t"], "episode_lengths": [2, 4, 4, 6, 14, 5], "episode_rewards": [-20.0, -36.0, -40.0, -56.0, -130.0, -44.0]}