{"timestamps": [1553748311.466335, 1553748329.503111], "initial_reset_timestamp": 1553748306.452931, "episode_types": ["t", "t"], "episode_lengths": [8, 15], "episode_rewards": [-20.0, -50.0]}