{"timestamps": [1553795055.460757], "initial_reset_timestamp": 1553795049.168214, "episode_types": ["t"], "episode_lengths": [23], "episode_rewards": [26430.0]}