{"timestamps": [1553894828.658527], "initial_reset_timestamp": 1553894815.093359, "episode_types": ["t"], "episode_lengths": [131], "episode_rewards": [145.0]}